{"name":"05058166-0a4a-4d7b-b06e-808b0e604baf","id":"/providers/Microsoft.Flow/flows/05058166-0a4a-4d7b-b06e-808b0e604baf","type":"Microsoft.Flow/flows","properties":{"apiId":"/providers/Microsoft.PowerApps/apis/shared_logicflows","displayName":"Sentiment Analysis Flow","definition":{"metadata":{"workflowEntityId":null,"processAdvisorMetadata":null,"flowChargedByPaygo":null,"flowclientsuspensionreason":"None","flowclientsuspensiontime":null,"flowclientsuspensionreasondetails":null,"creator":{"id":"16eb2329-56db-4b02-821c-d4ad0e74fbff","type":"User","tenantId":"0c2c5eb2-7477-4593-ac08-f1de3be027d2"},"provisioningMethod":"FromDefinition","failureAlertSubscription":true,"clientLastModifiedTime":"2024-10-28T13:32:25.8678363Z","connectionKeySavedTimeKey":"2024-10-28T13:32:25.8678363Z"},"$schema":"https://schema.management.azure.com/providers/Microsoft.Logic/schemas/2016-06-01/workflowdefinition.json#","contentVersion":"undefined","parameters":{"$authentication":{"defaultValue":{},"type":"SecureObject"},"$connections":{"defaultValue":{},"type":"Object"}},"triggers":{"manual":{"type":"Request","kind":"Button","inputs":{"schema":{"type":"object","properties":{"text":{"description":"Please enter your input","title":" My Text","type":"string","x-ms-content-hint":"TEXT","x-ms-dynamically-added":true}},"required":["text"]}},"description":"Enter the text whose sentiment is to be analyzed."}},"actions":{"Analyze_positive_or_negative_sentiment_in_text":{"runAfter":{},"metadata":{"flowSystemMetadata":{"portalOperationId":"aibuilderpredict_sentimentanalysis","portalOperationGroup":"aibuilder","portalOperationApiDisplayNameOverride":"AI Builder","portalOperationIconOverride":"https://content.powerapps.com/resource/makerx/static/pauto/images/designeroperations/aiBuilderNew.51dbdb6b.png","portalOperationBrandColorOverride":"#0A76C4","portalOperationApiTierOverride":"Standard"}},"type":"OpenApiConnection","inputs":{"parameters":{"item/requestv2/language":"en","item/requestv2/text":"@triggerBody()?['text']","recordId":"f1c549c2-a97e-47a5-b612-c5c2bab0f163"},"host":{"apiId":"/providers/Microsoft.PowerApps/apis/shared_commondataserviceforapps","connectionName":"shared_commondataserviceforapps","operationId":"aibuilderpredict_sentimentanalysis"},"authentication":"@parameters('$authentication')"},"description":""},"For_each":{"foreach":"@outputs('Analyze_positive_or_negative_sentiment_in_text')?['body/responsev2/predictionOutput/result/sentences']","actions":{"Add_a_row_into_a_table":{"metadata":{"24F6B8DF3240AEC3!sf6dc19d528764b84a95f49c3efe021ce":"/Sentiment.xlsx"},"type":"OpenApiConnection","inputs":{"parameters":{"file":"24F6B8DF3240AEC3!sf6dc19d528764b84a95f49c3efe021ce","table":"{278568E6-86AF-4905-8073-4AEC405D4C8A}","item/Sentence":"@triggerBody()?['text']","item/Sentence Sentiment":"@items('For_each')?['sentiment']","item/Positive Probability":"@outputs('Analyze_positive_or_negative_sentiment_in_text')?['body/responsev2/predictionOutput/result/documentScores/positive']","item/Negative Probability":"@outputs('Analyze_positive_or_negative_sentiment_in_text')?['body/responsev2/predictionOutput/result/documentScores/negative']","item/Neutral Probability":"@outputs('Analyze_positive_or_negative_sentiment_in_text')?['body/responsev2/predictionOutput/result/documentScores/neutral']"},"host":{"apiId":"/providers/Microsoft.PowerApps/apis/shared_excelonline","connectionName":"shared_excelonline","operationId":"AddRowV2"},"authentication":{"value":"@json(decodeBase64(triggerOutputs().headers['X-MS-APIM-Tokens']))['$ConnectionKey']","type":"Raw"}}}},"runAfter":{"Analyze_positive_or_negative_sentiment_in_text":["Succeeded"]},"type":"Foreach"}}},"connectionReferences":{"shared_commondataserviceforapps":{"connectionName":"shared-commondataser-1096bd3f-ef05-45d9-9136-3070dccd20fa","source":"Embedded","id":"/providers/Microsoft.PowerApps/apis/shared_commondataserviceforapps","tier":"NotSpecified"},"shared_excelonline":{"connectionName":"shared-excelonline-27077d50-eb9c-4ba9-ae40-03f95ead3565","source":"Invoker","id":"/providers/Microsoft.PowerApps/apis/shared_excelonline","tier":"NotSpecified"}},"flowFailureAlertSubscribed":false,"isManaged":false}}